Compound name,rA,rA',rad_diff,TF,Adis ,A'dis ,rot_angle,tilt_angle,QR+,QT,QAFEO,QJT2D,CD2D,R-barrier,polar_modes,Energy
BaCeMnNiO6,1.42,0.97,0.45,0.918295182,0.014774806,0.03653624,15.88710772,10.26580409,0.1068,0.72512,0.30896,0,0.00387,28.802511,0.05023,-144.012555
BaDyMnNiO6,1.42,1.027,0.393,0.928578645,0.016852153,0.053771516,13.50760133,13.7878408,1.40366,0.79846,1.08593,0,0.06093,26.94886,0.39116,-134.7443
BaGdMnNiO6,1.42,1.053,0.367,0.933269347,0.013253334,0.041831958,10.24035389,12.1770103,1.40751,1.64902,0.51972,0,0.09384,27.03974,0.73669,-135.1987
BaHfCrFeO6,1.42,0.83,0.59,0.844561451,0.020171973,0.052264009,15.1836935,14.01278663,0.75945,1.13876,0.58762,0,0.04957,25.5341449,0.46442,-127.6707245
BaHfMnNiO6,1.42,0.83,0.59,0.893037554,0.019173266,0.129822562,32.34218866,6.65626512,0.11138,0.62849,0.65551,0,0.0053,28.27422006,0.19216,-141.3711003
BaMgCrRuO6,1.42,0.89,0.53,0.859985444,0.023131939,0.096259311,26.23461089,11.25241404,0.26822,0.46696,0.40282,0,0.00278,26.15138494,0.0966,-130.7569247
BaMgCrZrO6,1.42,0.89,0.53,0.864180495,0.022206798,0.075817081,21.12965802,12.80711674,0.34664,0.38619,0.27647,0,0.00151,26.01782546,0.04883,-130.0891273
BaMgFeZrO6,1.42,0.89,0.53,0.868416674,0.014217485,0.046377193,11.65404075,10.97622594,0.38585,0.3458,0.21329,0,0.00088,26.55581274,0.02494,-132.7790637
BaMgCrMoO6,1.42,0.89,0.53,0.853768682,0.014433177,0.043829513,10.5828598,11.72676922,0.75523,0.76179,0.69745,0,0.0324,26.74552136,0.22069,-133.7276068
BaPbMnNiO6,1.42,0.94,0.48,0.912882833,0.027090612,0.062696061,20.12703312,15.84856297,0.59015,0.53361,0.42378,0,0.01633,24.0285498,0.11087,-120.142749
BaPbVCrO6,1.42,0.94,0.48,0.946693309,0.021281657,0.055374851,16.02470514,14.36181943,0.67269,0.6477,0.56061,0,0.02436,25.884266,0.16578,-129.42133
BaSmMnNiO6,1.42,1.079,0.341,0.93796005,0.006228173,0.016937305,2.178423487,9.145335145,0.42506,0.30542,0.15012,0,0.00025,27.0938,0.00105,-135.469
BaTbCrMoO6,1.42,0.88,0.54,0.843930285,0.014648869,0.041281833,9.511678848,12.4773125,1.04728,1.28513,0.53534,0,0.03032,26.93523,0.61417,-134.67615
BaTbMnNiO6,1.42,0.88,0.54,0.902058136,0.015472703,0.048053642,11.92237716,12.8750759,1.12662,1.20035,0.83272,0,0.05394,27.7399822,0.4325,-138.699911
BaTbNiCrO6,1.42,0.88,0.54,0.882913331,0.040621135,0.052035301,18.0613877,13.7034537,1.12955,1.31576,0.56756,0,0.04225,26.5827848,0.68346,-132.913924
BaTmMnNiO6,1.42,0.994,0.426,0.922625061,0.023069566,0.065626362,16.84493421,15.80928985,1.13247,1.43117,0.30239,0,0.03056,26.77666,0.93443,-133.8833
BaZrMnNiO6,1.42,0.84,0.58,0.894841671,0.015501408,0.12198361,30.31646913,5.832602428,1.13317,1.41823,0.3548,0,0.11078,27.84389736,0.58051,-139.2194868
BaZrNiFeO6,1.42,0.84,0.58,0.869338129,0.043597435,0.055940543,23.70775586,19.04675033,1.29354,1.56287,0.35945,0,0.08228,25.7547064,0.75552,-128.773532
BiCaMnNiO6,1.17,1.12,0.05,0.90025402,0.065769567,0.05601696,24.20039825,14.5318315,0.64065,0.86275,0.70658,0,0.00686,25.4255874,0.29781,-127.127937
BiMgMnNiO6,1.17,0.89,0.28,0.858759345,0.064125304,0.046254725,30.57057752,22.28421081,1.45391,1.7075,0.3641,0,0.05378,24.7327528,0.93053,-123.663764
BiSnMnNiO6,1.17,0.81,0.36,0.844326415,0.054733189,0.067716081,22.96442264,19.9638625,0.64133,0.96996,0.39371,0,0.00747,24.9151012,0.33117,-124.575506
BiZnMnNiO6,1.17,0.9,0.27,0.860563462,0.059999671,0.033452809,32.05148532,22.52500063,0.66804,0.91081,0.65583,0,0.01032,23.584448,0.29787,-117.92224
CaCeCoFeO6,1.12,0.97,0.15,0.828252577,0.058504223,0.06345916,29.09472489,21.99565929,0.80068,1.06348,0.60171,0,0.02094,26.042724,0.46412,-130.21362
CaCeMnNiO6,1.12,0.97,0.15,0.864171694,0.053705337,0.058316283,21.09192116,14.49727681,1.13452,1.52247,0.36987,0,0.03849,29.1298468,0.92568,-145.649234
CaHfCrFeO6,1.12,0.83,0.29,0.793375908,0.051220272,0.062415085,21.64616636,15.58264114,0.93333,1.21614,0.54759,0,0.03156,27.03591172,0.63037,-135.1795586
CaHfCrMoO6,1.12,0.83,0.29,0.784855165,0.05489548,0.077072382,23.62028891,18.02939974,0.92572,1.16168,0.59889,0,0.02794,27.55506586,0.55405,-137.7753293
CaHfMnNiO6,1.12,0.83,0.29,0.838914066,0.057008776,0.09346551,26.13796445,21.46631795,0.73213,0.90981,0.72531,0,0.02463,28.501,0.33506,-142.505
CaPbCrMoO6,1.12,0.94,0.18,0.811165454,0.04740474,0.080038802,24.5720511,19.60174016,0.91812,1.10723,0.65019,0,0.02432,25.76185,0.47773,-128.80925
CaPbMnNiO6,1.12,0.94,0.18,0.858759345,0.058777733,0.070670762,23.54175097,17.31701956,1.13944,1.39765,0.52062,0,0.01825,25.1987018,0.48594,-125.993509
CaPbVCrO6,1.12,0.94,0.18,0.890565247,0.048735207,0.066513887,22.20041156,16.66800547,1.10411,1.30465,0.57507,0,0.024,24.94197666,0.6204,-124.7098833
CaZrMnNiO6,1.12,0.84,0.28,0.840718183,0.058570687,0.091729679,25.59441146,20.47615835,0.82939,0.7138,0.80275,0,0.00593,28.07422,0.72695,-140.3711
CaZrNiCrO6,1.12,0.84,0.28,0.836450578,0.048185696,0.079170886,24.3002746,19.10666036,1.06877,1.21164,0.62951,0,0.02976,25.54846,0.75487,-127.7423
CdPbMnNiO6,1.1,0.94,0.16,0.855151113,0.037800705,0.066612093,23.00613774,17.73716236,1.15893,1.71131,0.53848,0,0.07068,23.0227,0.66916,-115.1135
CdPbNiFeO6,1.1,0.94,0.16,0.830778776,0.038692682,0.062357013,20.85907215,16.01899139,1.30815,1.70949,0.45628,0,0.05358,24.6852515,0.78279,-123.4262575
CdPbVMoO6,1.1,0.94,0.16,0.893917963,0.039584659,0.058101933,18.71200656,14.30082041,1.17099,1.54066,0.36371,0,0.03842,26.347803,0.79993,-131.739015
CdTbMnNiO6,1.1,0.88,0.22,0.844326415,0.046281397,0.062862637,19.48853172,14.76401227,1.45737,1.70766,0.37407,0,0.03648,24.78207758,0.89642,-123.9103879
CsYCoWO6,1.74,1.019,0.721,0.954432367,0.05788766,0.060829015,21.39930798,14.23982139,1.03383,1.37184,0.27114,0,0.02326,26.81134,0.81708,-134.0567
CsYCrWO6,1.74,1.019,0.721,0.941629006,0.060303737,0.058090481,21.46332869,14.05165783,1.56366,1.67844,0.71871,0,0.08925,26.68073124,0.87861,-133.4036562
CsYFeWO6,1.74,1.019,0.721,0.946244835,0.061511775,0.056721214,21.39007634,14.00875085,0.93819,1.31386,0.25311,0,0.01514,26.97311162,0.73297,-134.8655581
CsYNiReO6,1.74,1.019,0.721,0.979867747,0.06396062,0.058211398,23.68254521,18.27769123,1.4982,1.66044,0.61115,0,0.07166,26.4667578,0.04123,-132.333789
CsYVWO6,1.74,1.019,0.721,0.979867747,0.065185042,0.058956489,16.15873238,10.40019806,1.50649,1.64266,0.64512,0,0.09031,26.2135809,0.88822,-131.0679045
DyCaMnNiO6,1.027,1.12,0.093,0.874455157,0.069493922,0.058795393,23.31008424,13.71563051,1.21135,1.78493,0.26845,0,0.05997,28.1254988,0.95133,-140.627494
GdCaMnNiO6,1.053,1.12,0.067,0.879145859,0.062719814,0.055351947,21.52734941,13.86349427,1.56389,1.62855,0.87254,0,0.0727,26.55012246,0.62474,-132.7506123
GdMgMnNiO6,1.053,0.89,0.163,0.837651185,0.066409464,0.059701581,25.97501408,22.5466316,1.12131,1.44216,0.39593,0,0.01246,25.960404,0.56448,-129.80202
GdSnMnNiO6,1.053,0.81,0.243,0.823218255,0.067339482,0.058875941,19.73440831,12.05791428,0.84877,1.05013,0.44677,0,0.00911,27.16953986,0.45465,-135.8476993
HgCaVMoO6,1.14,1.12,0.02,0.935407826,0.047474218,0.069136839,23.87057541,20.36351083,1.35892,1.7138,0.45679,0,0.07514,23.744579,0.91977,-118.722895
HgCeCoFeO6,1.14,0.97,0.17,0.831710834,0.034895535,0.068515887,23.26715781,17.05695944,1.16017,1.70674,0.5705,0,0.06634,24.8424995,0.58885,-124.2124975
HgCeMnNiO6,1.14,0.97,0.17,0.867779927,0.027418924,0.049282693,18.84626201,14.74356618,1.00932,1.41228,0.35714,0,0.04973,24.84270812,0.46546,-124.2135406
HgHfCrFeO6,1.14,0.83,0.31,0.796788278,0.038246694,0.064484553,21.93260495,16.87807688,0.85847,1.19344,0.60995,0,0.03212,23.85397576,0.34207,-119.2698788
HgHfMnNiO6,1.14,0.83,0.31,0.842522299,0.028760064,0.085888305,24.47433094,21.58608752,0.87273,0.97459,0.86275,0,0.01451,25.12593,0.37477,-125.62965
HgSnMnNiO6,1.14,0.81,0.33,0.838914066,0.025724869,0.074581426,24.49112535,20.9608581,1.30976,1.5513,0.50354,0,0.04206,20.967682,0.30285,-104.83841
HgSnVCrO6,1.14,0.81,0.33,0.831490048,0.022316851,0.067894935,22.66374021,13.75040806,1.17763,1.3464,0.54595,0,0.04971,25.94042,0.67143,-129.7021
KDyFeRuO6,1.51,1.027,0.483,0.903335978,0.019933405,0.06203162,21.09430248,10.01153369,1.28514,1.74936,0.36262,0,0.06756,27.6839228,0.93555,-138.419614
KDyVZrO6,1.51,1.027,0.483,0.940019673,0.020210339,0.0643231,22.5886893,8.290094353,1.36203,1.66765,0.72152,0,0.06952,29.706002,0.6068,-148.53001
KGdCoReO6,1.51,1.053,0.457,0.931680867,0.022194498,0.061304051,21.02932515,6.30668727,0.89812,1.41928,0.38638,0,0.03463,28.2552912,0.42834,-141.276456
KGdCrZrO6,1.51,1.053,0.457,0.907820747,0.015813479,0.045153878,14.69735453,12.02682244,1.16799,1.36632,0.91595,0,0.04315,27.8756855,0.39242,-139.3784275
KGdFeWO6,1.51,1.053,0.457,0.912270849,0.018908834,0.061208445,20.83635507,6.539958012,1.17254,1.05566,0.74977,0,0.04454,30.913158,0.60662,-154.56579
KGdFeZrO6,1.51,1.053,0.457,0.912270849,0.017549958,0.056168305,19.52486475,6.272659313,1.1753,1.31336,1.44552,0,0.05166,29.4274256,0.3682,-147.137128
KGdMnWO6,1.51,1.053,0.457,0.901226408,0.020487274,0.06661458,24.08307612,6.568655021,1.1593,1.53062,0.45872,0,0.05709,31.7280812,0.46237,-158.640406
KGdNiReO6,1.51,1.053,0.457,0.944686564,0.022383506,0.060103247,20.80662405,6.118137309,1.17974,1.4599,0.4714,0,0.0604,27.6004268,0.45402,-138.002134
KGdNiWO6,1.51,1.053,0.457,0.932848387,0.018973981,0.057529769,18.47339414,6.333193881,1.1433,1.36353,0.63042,0,0.05617,29.5062002,0.55655,-147.531001
KGdVOsO6,1.51,1.053,0.457,0.958060505,0.019622275,0.051797988,16.07239732,6.064546446,1.18067,1.24141,0.8545,0,0.05862,29.3710186,0.90779,-146.855093
KGdVRuO6,1.51,1.053,0.457,0.925886832,0.014325331,0.045103353,11.11845028,11.35149758,1.10686,1.26716,0.78943,0,0.05194,26.65066704,0.65908,-133.2533352
KGdVWO6,1.51,1.053,0.457,0.944686564,0.02178115,0.059717334,18.72549518,8.119167697,1.03282,1.40131,0.35108,0,0.04243,32.066252,0.50034,-160.33126
KSmCrZrO6,1.51,1.079,0.431,0.912305516,0.022569013,0.062771887,19.92887214,7.364294429,1.03306,1.29291,0.72436,0,0.04527,31.4202391,0.41038,-157.1011955
KSmFeZrO6,1.51,1.079,0.431,0.916777602,0.022435783,0.059830679,19.89587413,6.873860352,1.18818,1.21099,0.83286,0,0.04384,30.52764006,0.98966,-152.6382003
KSmVRuO6,1.51,1.079,0.431,0.93046085,0.023774874,0.0644626,21.47369931,6.737605798,1.20016,1.18451,1.09765,0,0.0481,31.47116542,0.61474,-157.3558271
KYCoOsO6,1.51,1.019,0.491,0.926822006,0.028377954,0.067172226,22.79934427,6.709896518,1.2335,1.5965,0.43103,0,0.04563,27.5190982,0.4166,-137.595491
KYCoReO6,1.51,1.019,0.491,0.925662028,0.025192281,0.06606201,22.27040177,6.511646665,0.98504,1.45108,0.38843,0,0.04154,28.8834752,0.50956,-144.417376
KYCoWO6,1.51,1.019,0.491,0.914219976,0.023356875,0.06582644,21.13224911,6.609421161,1.21683,1.78493,0.26845,0,0.05997,30.7742262,0.62667,-153.871131
KYCrOsO6,1.51,1.019,0.491,0.914219976,0.022302553,0.056889471,19.86287612,6.383426274,1.2453,1.5596,0.4562,0,0.0622,29.635041,0.4046,-148.175205
KYCrWO6,1.51,1.019,0.491,0.901956049,0.025113965,0.069094522,23.05152449,6.601351245,1.2531,1.39051,0.76434,0,0.04687,32.4146908,0.74377,-162.073454
KYFeOsO6,1.51,1.019,0.491,0.918762684,0.0211123,0.060591538,21.33547563,6.505278643,1.2705,1.56304,0.40696,0,0.06244,28.4983394,0.4113,-142.491697
KYFeWO6,1.51,1.019,0.491,0.906377402,0.018793326,0.066038701,22.79470353,6.233872781,1.03294,1.45009,0.59022,0,0.04923,31.5474278,0.45536,-157.737139
KYMnOsO6,1.51,1.019,0.491,0.87630801,0.026680602,0.068836596,24.22776372,6.507469825,1.11062,1.4795,0.4655,0,0.01133,29.1543638,0.70002,-145.771819
KYMnWO6,1.51,1.019,0.491,0.89540431,0.021923434,0.069392402,24.93023858,6.597268366,1.19417,1.88888,0.63074,0,0.12084,32.3569108,0.8022,-161.784554
KYNiOsO6,1.51,1.019,0.491,0.939776316,0.024903325,0.063827193,21.98119657,6.352121592,1.21683,1.5292,0.4424,0,0.0839,26.858819,0.51567,-134.294095
KYNiReO6,1.51,1.019,0.491,0.938583706,0.02337317,0.063852523,21.94145694,6.019301469,1.10927,1.52379,0.40973,0,0.04359,28.2277816,0.46308,-141.138908
KYNiWO6,1.51,1.019,0.491,0.926822006,0.020845213,0.061688879,19.88225435,6.369995012,1.11517,1.61801,0.32844,0,0.05076,30.1312682,0.45708,-150.656341
KYVOsO6,1.51,1.019,0.491,0.951871249,0.022439268,0.057152833,17.81689793,6.115017687,1.28376,1.67227,0.36233,0,0.06109,29.991485,1.41966,-149.957425
KYVReO6,1.51,1.019,0.491,0.950647764,0.025428212,0.059521758,17.98211935,6.12358603,1.2579,1.21275,0.42038,0,0.03333,30.9740554,0.40795,-154.870277
KYVWO6,1.51,1.019,0.491,0.938583706,0.023712087,0.063378728,19.79879518,6.669140085,1.28589,1.21839,0.45915,0,0.03409,32.6900916,1.03983,-163.450458
LaDyMnNiO6,1.16,1.027,0.133,0.881671622,0.046624456,0.066478146,19.91559008,16.87145602,0.92121,1.5292,0.4424,0,0.0839,29.791424,0.42398,-148.95712
LaDyNiCrO6,1.16,1.027,0.133,0.877196132,0.022502398,0.061301283,19.91237314,7.119077391,1.0692,1.66948,0.61048,0,0.08503,30.97393958,0.33129,-154.8696979
LaHoMnNiO6,1.16,1.015,0.145,0.879506682,0.047908988,0.069184694,20.61102944,17.42778063,0.93693,1.6926,0.39736,0,0.05928,29.742466,0.80254,-148.71233
LaHoNiFeO6,1.16,1.015,0.145,0.676541366,0.026076414,0.065817413,22.13652179,6.723751158,1.12392,1.70634,0.52024,0,0.08221,29.49513182,1.66447,-147.4756591
LaSnMnNiO6,1.16,0.81,0.35,0.842522299,0.04623045,0.062941685,19.87210394,19.71255473,1.13914,1.93392,0.25922,0,0.06775,27.6878688,1.44552,-138.439344
LuSnMnNiO6,0.977,0.81,0.167,0.809506971,0.077584016,0.065141469,24.49238274,19.8699549,1.09268,1.03371,0.80229,0,0.01509,27.8149616,0.29658,-139.074808
MgHfCoFeO6,0.89,0.83,0.06,0.764274821,0.062409356,0.066463878,24.01532094,18.60749847,0.93805,1.68112,0.81687,0,0.04331,27.7830804,0.58094,-138.915402
MgPbCoFeO6,0.89,0.94,0.05,0.783295235,0.041828209,0.077637558,29.69725252,13.87965818,1.49668,0.93529,0.35957,0,0.00914,28.8106234,0.48548,-144.053117
MgPbCrFeO6,0.89,0.94,0.05,0.784253981,0.040933426,0.076029019,28.54370573,14.74161684,1.15239,1.43949,0.39773,0,0.05658,31.2234643,0.44677,-156.1173215
MgPbFeMoO6,0.89,0.94,0.05,0.77570884,0.042088839,0.075448111,27.66655789,14.71883274,1.2055,1.31336,0.39242,0,0.05166,32.1723229,0.92704,-160.8616145
MgPbVMoO6,0.89,0.94,0.05,0.854314003,0.042983622,0.077056651,28.82010468,13.85687408,1.16305,1.75121,0.89533,0,0.05494,29.759482,0.48937,-148.79741
MgSnFeMoO6,0.89,0.81,0.08,0.746220562,0.047234696,0.067786286,23.53825915,17.34504203,1.11222,0.98601,0.44303,0,0.01007,27.7511992,0.46008,-138.755996
MgSnVCrO6,0.89,0.81,0.08,0.823211573,0.059342755,0.067356946,25.65301968,16.93968746,1.19947,1.12341,0.52588,0,0.01651,28.4845198,0.93837,-142.422599
MgZrNiCrO6,0.89,0.84,0.05,0.795166536,0.050751959,0.068055421,25.03554264,16.20545608,1.27083,1.05013,0.45465,0,0.00911,29.416012,0.91381,-147.08006
NaDyCrZrO6,1.18,1.027,0.153,0.84641391,0.039672809,0.070846843,27.26776021,13.30446403,0.95931,1.45349,0.73297,0,0.06807,29.9207249,0.72389,-149.6036245
NaDyFeZrO6,1.18,1.027,0.153,0.850562997,0.041818804,0.071597463,26.57211193,15.59592178,1.2394,1.25181,0.59381,0,0.03859,31.93143116,0.7319,-159.6571558
NaDyVRuO6,1.18,1.027,0.153,0.863257968,0.040552573,0.070443,26.74500805,14.36013,1.11907,1.59934,0.52644,0,0.08447,30.39420646,0.73294,-151.9710323
NaGdCrZrO6,1.18,1.053,0.127,0.850898679,0.040257859,0.072323947,27.87835319,14.14818784,1.23515,1.68104,0.50392,0,0.07216,29.8175004,0.37109,-149.087502
NaGdFeZrO6,1.18,1.053,0.127,0.855069751,0.043276919,0.069534388,26.1963901,16.18831576,0.96828,1.69947,0.4588,0,0.07075,29.2520314,0.42998,-146.260157
NaGdVRuO6,1.18,1.053,0.127,0.867831986,0.053225578,0.068916585,26.07657072,15.97101776,0.98315,1.82013,0.38973,0,0.07498,27.8265003,0.72189,-139.1325015
NaLaCoOsO6,1.18,1.019,0.161,0.868330657,0.045789784,0.078738423,29.8722019,14.49670627,0.98656,1.48382,0.53076,0,0.04142,27.1986012,0.60675,-135.993006
NaLuCoWO6,1.18,0.977,0.203,0.849180804,0.037866633,0.076536693,29.52230313,13.26261009,1.34331,1.31386,0.25311,0,0.01514,30.4226456,0.77016,-152.113228
NaLuCrWO6,1.18,0.977,0.203,0.837789354,0.044000218,0.075521345,27.56510833,16.22062359,0.99137,1.39884,0.39193,0,0.02828,32.024283,0.68845,-160.121415
NaLuVWO6,1.18,0.977,0.203,0.871811257,0.04017746,0.075374878,27.76800746,13.21704189,0.9926,0.99835,0.85875,0,0.02742,32.3203628,0.39061,-161.601814
NaSmCrZrO6,1.18,1.079,0.101,0.855383448,0.061907233,0.064041577,22.18224334,19.79125481,0.9919,1.60073,0.40236,0,0.07249,27.7514152,0.6604,-138.757076
NaSmFeZrO6,1.18,1.079,0.101,0.859576504,0.069996686,0.065802673,24.25385184,19.23872668,1.01479,1.39884,0.39193,0,0.02828,27.799021,0.55251,-138.995105
NaSmVRuO6,1.18,1.079,0.101,0.872406004,0.052118782,0.072050718,26.85628673,16.24357832,1.04347,1.35635,0.32252,0,0.02171,28.2968519,0.42292,-141.4842595
NaTmCrZrO6,1.18,0.994,0.186,0.840721703,0.040860244,0.066301898,25.21198817,15.22582698,1.05874,1.60073,0.40236,0,0.07249,30.627744,0.39445,-153.13872
NaYCoOsO6,1.18,1.019,0.161,0.868330657,0.048238941,0.072630887,27.20441437,14.97752934,1.07435,1.42837,0.29755,0,0.02377,27.8145296,0.39628,-139.072648
NaYCoReO6,1.18,1.019,0.161,0.867243885,0.041101494,0.069572422,26.81365663,14.00942003,1.35259,1.05909,0.67575,0,0.0332,29.154078,0.84886,-145.77039
NaYCoWO6,1.18,1.019,0.161,0.856523936,0.039094563,0.069646965,26.05576435,13.8034137,1.36691,1.03958,0.88092,0,0.04614,31.0489436,0.46679,-155.244718
NaYCrReO6,1.18,1.019,0.161,0.855466499,0.03751741,0.064056128,24.83826791,12.72926989,1.65384,1.63072,0.54532,0,0.07723,31.0308264,0.61161,-155.154132
NaYCrWO6,1.18,1.019,0.161,0.845033981,0.042704182,0.067165907,24.60051812,16.45022671,1.38636,1.13448,0.50964,0,0.01565,32.639398,0.58279,-163.19699
NaYFeOsO6,1.18,1.019,0.161,0.860779956,0.039016307,0.065437889,25.82345821,14.00142726,2.3413,1.10263,0.71992,0,0.02919,28.61609,0.63939,-143.08045
NaYFeOsO6,1.18,1.019,0.161,0.860779956,0.039016307,0.065437889,25.82345821,14.00142726,1.45886,1.03831,0.64429,0,0.02484,28.61609,0.07531,-143.08045
NaYFeReO6,1.18,1.019,0.161,0.85971199,0.037532096,0.067591244,26.93660171,14.4395016,1.4779,1.14291,0.72768,0,0.03637,29.8755188,0.0956,-149.377594
NaYMnReO6,1.18,1.019,0.161,0.821004578,0.039319142,0.07128249,28.85452105,15.03158949,1.4903,1.37184,0.27114,0,0.02326,30.7528636,0.12084,-153.764318
NaYNiOsO6,1.18,1.019,0.161,0.880467426,0.047108402,0.070476224,26.50012177,15.00234805,1.5201,1.37973,0.27522,0,0.02295,27.1684808,0.07723,-135.842404
NaYNiReO6,1.51,1.019,0.491,0.938583706,0.058721441,0.063207442,23.78043799,16.22362383,1.86383,1.16232,0.74153,0,0.04167,28.445248,0.0839,-142.22624
NaYVOsO6,1.18,1.019,0.161,0.891799053,0.039642609,0.064819492,23.16959838,12.18482178,1.90008,1.19708,0.55794,0,0.02983,30.2859184,0.0622,-151.429592
NaYVReO6,1.18,1.019,0.161,0.890652782,0.036599342,0.063951234,23.7412993,12.01894972,1.06655,1.5957,0.61745,0,0.09296,31.2446824,0.07068,-156.223412
NaYVWO6,1.18,1.019,0.161,0.879350081,0.038367675,0.067236744,24.23501149,13.66676059,1.21347,1.55621,0.46222,0,0.05338,32.9443554,2.0955,-164.721777
PbCaVMoO6,1.29,1.12,0.17,0.96369637,0.017473389,0.044400125,15.53540061,12.13929536,1.35975,1.9321,0.76918,0,0.4571,27.16832796,0.04154,-135.8416398
PbDyNiFeO6,1.29,1.027,0.263,0.879328506,0.018012709,0.091797039,22.924895,10.22205296,1.51038,1.62462,0.65325,0,0.5653,27.61154004,0.66897,-138.0577002
PbSmCoFeO6,1.29,1.079,0.211,0.876495264,0.018192636,0.069045635,18.23748239,11.71471217,1.5201,1.88888,0.74377,0,0.63074,26.59556246,0.5674,-132.9778123
PbTmCrFeO6,1.29,0.994,0.296,0.850362479,0.021189385,0.064040545,18.15667576,13.40995168,1.86383,1.63072,0.6604,0,0.54532,25.77598518,0.75634,-128.8799259
PbTmFeMoO6,1.29,0.994,0.296,0.853450963,0.016695375,0.088099878,21.99811471,8.816245531,1.90008,1.5292,0.4113,0,0.4424,27.4150164,1.08309,-137.075082
RbGdFeWO6,1.61,1.053,0.557,0.929604515,0.018782558,0.070044412,18.40873535,11.48959163,0.6434,1.5596,0.4166,0,0.4562,26.44845314,1.06852,-132.2422657
RbGdVWO6,1.61,1.053,0.557,0.962636148,0.024648705,0.069256571,20.62834557,14.32783985,0.6852,1.5596,0.4166,0,0.4562,25.02318764,0.73297,-125.1159382
RbSmMnWO6,1.61,1.079,0.531,0.977224096,0.017749571,0.050876022,13.83937295,12.66902269,0.6948,1.71131,0.66916,0,0.53848,26.22003936,0.61818,-131.1001968
RbTmCrReO6,1.61,0.994,0.616,0.926187857,0.019567975,0.065378157,19.55929971,3.987096749,0.5647,5.7337,2.45875,0,0.4206,29.7420194,0.08057,-148.710097
RbTmCrWO6,1.61,0.994,0.616,0.914892883,0.019694443,0.069130926,23.39218388,7.625102871,0.6664,1.45108,0.61474,0,0.38843,31.6029966,0.07305,-158.014983
RbTmNiWO6,1.61,0.994,0.616,0.940115494,0.01932332,0.066456586,22.17542413,6.090320616,0.611,1.5292,0.4113,0,0.4424,29.4341265,0.06644,-147.1706325
RbTmVReO6,1.61,0.994,0.616,0.964282987,0.022004227,0.067863296,18.73270437,4.141509999,1.45985,1.40874,0.84341,0,0.05081,29.9754576,1.08309,-149.877288
RbYCoOsO6,1.61,1.019,0.591,0.944546657,0.018952196,0.063782245,20.95866438,4.555538361,0.78593,1.9479,0.174,0,0.189,27.2652564,1.06852,-136.326282
RbYCrOsO6,1.61,1.019,0.591,0.931703624,0.013283748,0.052132893,15.97292481,4.121295194,0.9283,1.83497,0.34625,0,0.05965,29.3457324,0.35525,-146.728662
RbYCrReO6,1.61,1.019,0.591,0.930553373,0.017322046,0.059772663,20.22610434,4.197405023,0.80972,3.59239,1.53674,0,0.40452,30.3997942,0.61818,-151.998971
RbYCrWO6,1.61,1.019,0.591,0.919205161,0.019644673,0.069383307,23.64128642,4.527034289,0.74596,1.49014,0.51302,0,0.41542,32.1741658,5.30975,-160.870829
RbYNiOsO6,1.61,1.019,0.591,0.957748706,0.017098851,0.061015411,20.25002835,4.150239692,1.08389,1.45349,0.92704,0,0.06807,26.5950024,2.22151,-132.975012
RbYVOsO6,1.61,1.019,0.591,0.970074945,0.013988066,0.052571528,13.20706903,4.12364645,0.935,1.67832,0.50871,0,0.11991,29.6373284,1.57464,-148.186642
RbYVReO6,1.61,1.019,0.591,0.968828062,0.016780799,0.055646724,14.63133562,4.101206462,0.85406,1.66044,0.61115,0,0.07166,30.692648,0.56448,-153.46324
RbYVWO6,1.61,1.019,0.591,0.956533289,0.017072556,0.061349322,17.5334363,4.74191969,0.66361,1.64266,0.64512,0,0.09031,32.4257,5.5817,-162.1285
RbYVZrO6,1.61,1.019,0.591,0.956533289,0.015757442,0.059401626,18.13834131,4.202914666,1.03991,1.59292,0.79508,0,0.06241,31.8190096,5.2124,-159.095048
SrCaCrMoO6,1.26,1.12,0.14,0.865697585,0.047411482,0.069608313,25.72840243,16.34690252,1.7051,3.59239,1.53674,0,0.40452,30.46812496,5.2676,-152.3406248
SrCeVCrO6,1.26,0.97,0.29,0.922371149,0.039938276,0.065869894,25.51772319,14.61362712,0.8247,1.49014,0.51302,0,0.41542,29.621917,1.4985,-148.109585
SrHfNiCrO6,1.26,0.83,0.43,0.845830972,0.042885519,0.070111066,27.07050804,14.70851547,0.89295,1.46897,0.62736,0,0.24661,28.8450242,0.4425,-144.225121
SrHgVZrO6,1.26,1.14,0.12,0.710803495,0.040210318,0.070427456,27.83408884,14.52050476,1.47963,1.67832,0.50871,0,0.11991,29.9534708,1.4905,-149.767354
SrMgCrRuO6,1.26,0.89,0.37,0.832520839,0.043101482,0.070061595,26.27794306,14.40288088,1.49875,1.89144,0.26013,0,0.12433,29.1087122,0.43325,-145.543561
SrMgVZrO6,1.26,0.89,0.37,0.870554786,0.048119425,0.063631785,24.30935295,14.47644686,0.8146,2.71368,0.9415,0,0.23208,29.7380372,0.3655,-148.690186
SrSnCrRuO6,1.26,0.81,0.45,0.818788536,0.041173395,0.0659927,23.88505825,14.31752424,0.8303,2.54127,1.02488,0,0.40997,31.4626582,1.2982,-157.313291
SrSnFeMoO6,1.26,0.81,0.45,0.808970928,0.037807825,0.064694562,24.78237876,13.01018849,0.7571,1.47182,0.72003,0,0.24174,29.9303862,0.47305,-149.651931
SrSnNiFeO6,1.26,0.81,0.45,0.83603687,0.037949886,0.067413994,25.5858066,14.05313109,0.7843,1.56591,0.71787,0,0.09399,31.4099371,0.48672,-157.0496855
SrZrCoFeO6,1.26,0.84,0.42,0.829981706,0.028396266,0.057841307,22.19496083,13.58544243,0.8796,1.66938,0.55993,0,0.09578,28.96059578,2.96397,-144.8029789
ZnCeCrFeO6,0.9,0.97,0.07,0.77972643,0.032560556,0.081136632,24.71250838,12.61220051,0.7562,1.65155,0.62814,0,0.08099,27.39001042,3.76563,-136.9500521
ZnSnCrRuO6,0.9,0.81,0.09,0.756993175,0.038457039,0.066126539,21.00896019,13.969168,0.7993,1.61779,0.7201,0,0.07636,27.52040524,1.89808,-137.6020262
ZnSnVCrO6,0.9,0.81,0.09,0.825082508,0.030415997,0.064430019,20.66313707,12.79738673,1.0016,2.59266,1.16591,0,0.23346,28.0309518,1.06956,-140.154759
ZnSrVZrO6,0.9,1.26,0.36,0.872349744,0.026647359,0.076025556,22.869707,10.41759762,0.8857,2.54127,1.02488,0,0.40997,29.3298494,3.07309,-146.649247
BaTeO3/NdTeO3,1.47,1.35,0.12,0.384980359,0.017956281,0.054958986,7.278860534,9.40366622,1.21135,1.7098,0.1121325,0.06978,0,40.81018691,2.156975,-143.2352
CaCeO3/BaCeO3,1.18,1.47,0.29,0.41122522,0.01188466,0.057157951,5.02407196,8.099107938,1.1485,1.5651,0.04255,0.03849,0,38.186197,1.98237,-134.8407
CaCeO3/EuCeO3,1.18,1.3,0.12,0.392244139,0.011107933,0.053621533,5.330007934,7.416748591,1.29164,1.9253,0.06295,0.03866,0,46.425541,1.98864,-135.2976
CaCeO3/NdCeO3,1.18,1.35,0.17,0.398074929,0.013761491,0.065435697,24.12219138,12.00480139,1.25268,1.819,0.06609,0.037075,0,42.96454721,1.963135,-141.6645472
CaCeO3/SmCeO3,1.18,1.32,0.14,0.394602661,0.013761491,0.065435697,24.12709884,12.00182369,1.27699,1.90766,0.06923,0.03549,0,44.410622,1.93763,-120.0465584
CaCeO3/SrCeO3,1.18,1.31,0.13,0.393427833,0.012573944,0.058758056,4.511629401,8.455714654,1.28428,1.9181,0.04656,0.03402,0,45.137092,1.9338,-135.3766
CaPbO3/EuPbO3,1.18,1.3,0.12,0.392244139,0.005689711,0.047447325,20.39482673,8.219798535,0.8796,1.4497,0.06176,0.05126,0,33.98467,1.9995,-134.8607192
CaPbO3/NdPbO3,1.18,1.35,0.17,0.398074929,0.009650868,0.047739059,5.307620124,6.525845998,0.7993,1.3796,0.54153,0.08586,0,30.57623752,2.11771,-133.7023
CaPbO3/SmPbO3,1.18,1.32,0.14,0.394602661,0.003560992,0.053095482,2.398192903,6.951103045,0.82939,1.3947,0.58055,0.10852,0,31.27752,2.10787,-138.7651969
CeErO3/BiErO3,1.196,1.24,0.044,0.380581797,0.011363378,0.055762488,5.337322779,7.730231075,1.7417,2.2934,0.08647,0.07356,0,57.465557,2.39289,-127.434869
CeInO3/PrInO3,1.196,1.179,0.017,0.382212325,0.013588852,0.060861575,4.422476583,18.90970755,1.23893,1.7914,0.0938,0.06356,0,42.020668,2.34901,-124.083912
CeLuO3/BiLuO3,1.196,1.24,0.044,0.380581797,0.022883039,0.065563132,2.683500772,12.81600424,1.32283,1.95216,0.07808,0.05473,0,47.832959,2.33831,-124.705831
CeLuO3/NdLuO3,1.196,1.163,0.033,0.389147902,0.066945515,0.058749546,22.44180609,16.9172707,1.89061,2.3142,0.04432,0.06862,0,59.688929,2.37107,-118.028907
CeLuO3/PrLuO3,1.196,1.179,0.017,0.382212325,0.066531952,0.066137911,20.98145765,18.79314628,1.7051,2.28,0.32001,0.02154,0,55.966114,1.70747,-145.874466
CeSbO3/BiSbO3,1.196,1.24,0.044,0.380581797,0.059105837,0.059743089,21.79970362,14.04028934,0.935,1.4681,0.29847,0.02077,0,35.124261,1.69514,-142.4361
CeSbO3/DySbO3,1.196,1.083,0.113,0.42519409,0.062944239,0.045880626,22.82494131,18.55827823,1.242735,1.7922,0.09389,0.05444,0,42.0433,2.07186,-126.272914
CeSbO3/ErSbO3,1.196,1.062,0.134,0.435052431,0.060481038,0.065168928,20.17819524,15.00043758,1.26339,1.89751,0.25137,0.01771,0,43.93538,1.6762,-140.7433
CeSbO3/HoSbO3,1.196,1.072,0.124,0.430336662,0.068331962,0.085572455,16.45288419,17.76735277,1.25751,1.8486,0.237815,0.01724,0,43.322992,1.668615,-129.2762375
CeSbO3/TmSbO3,1.196,1.052,0.144,0.439807465,0.060114104,0.071379839,17.36650669,16.15290175,1.26369,1.9035,0.2310375,0.017005,0,44.194,1.6598,-130.2368
CeSbO3/YbSbO3,1.196,1.042,0.154,0.444602257,0.054296338,0.056157793,18.57846668,17.73337573,1.2804,1.91288,0.22426,0.01677,0,44.5352,1.66103,-115.2057
CeScO3/BiScO3,1.196,1.24,0.044,0.380581797,0.057468657,0.070456441,19.62344812,14.11184695,0.8247,1.3926,0.139345,0.03572,0,31.27752,1.85932,-109.4196451
CeScO3/EuScO3,1.196,1.12,0.076,0.408232498,0.068403889,0.085023101,17.72211131,17.2296988,1.18067,1.64266,0.05443,0.05467,0,40.113947,2.05761,-124.0923741
CeScO3/GdScO3,1.196,1.107,0.089,0.414133764,0.050954077,0.060851158,21.17100484,16.26871237,1.2021,1.6678,0.26364,0.01542,0,40.404507,1.55119,-140.576474
CeScO3/LuScO3,1.196,1.032,0.164,0.449437308,0.062478991,0.083996254,17.9995587,18.68540335,1.25751,1.8498,0.15939,0.11752,0,43.526046,2.05471,-136.46594
CeScO3/NdScO3,1.196,1.163,0.033,0.389147902,0.052384063,0.06985874,18.33974574,17.42920744,1.1255,1.5334,0.28666,0.02489,0,36.893119,1.76596,-136.41261
CeScO3/PrScO3,1.196,1.179,0.017,0.382212325,0.05727691,0.076978064,15.29534247,19.28164422,1.0728,1.5187,0.26829,0.02348,0,36.5976,1.76577,-129.97056
CeScO3/SmScO3,1.196,1.132,0.064,0.402840044,0.050167035,0.070439105,21.49036582,15.68514393,1.1709,1.6364,0.24761,0.02342,0,39.862593,1.75412,-148.34078
CeScO3/TmScO3,1.196,1.052,0.144,0.439807465,0.07333122,0.058533354,22.90648693,15.92289043,1.23085,1.7267,0.22476,0.02219,0,41.852601,1.74438,-148.40079
CeScO3/YbScO3,1.196,1.042,0.154,0.444602257,0.068024544,0.056450242,21.58701896,14.81062741,1.2521,1.8032,0.20172,0.0206,0,42.416427,1.7343,-126.03162
CeTlO3/BiTlO3,1.196,1.24,0.044,0.380581797,0.068024544,0.056450242,8.4758885,2.418315563,1.49716,2.2205,0.17741,0.01948,0,53.256592,1.72446,-125.62965
CeTlO3/PrTlO3,1.196,1.179,0.017,0.382212325,0.071575184,0.072428966,17.14567137,16.52847105,2.1464,2.4544,0.13533,0.03166,0,65.592366,1.8782,-124.664124
CeTmO3/BiTmO3,1.196,1.24,0.044,0.380581797,0.074371663,0.06211336,25.1944287,15.04169561,1.454,2.162355,0.275,0.01901,0,51.345767,1.6803,-119.22386
CeTmO3/PrTmO3,1.196,1.179,0.017,0.382212325,0.074371663,0.06211336,24.60346246,14.97888261,2.14384,2.41705,0.28681,0.01795,0,64.185364,1.56554,-140.720668
CeYbO3/BiYbO3,1.196,1.24,0.044,0.380581797,0.083703143,0.094807726,20.58974163,19.05173767,1.33748,1.97751,0.23661,0.01518,0,49.23029,1.54349,-141.276456
CeYbO3/NdYbO3,1.196,1.163,0.033,0.389147902,0.034893924,0.0578941,19.57360927,14.51742602,2.07834,2.38614,0.61247,0.01542,0,62.465165,1.55119,-154.56579
CeYbO3/PrYbO3,1.196,1.179,0.017,0.382212325,0.052062255,0.080685837,15.63488507,17.45452014,1.89126,2.33497,0.14649,0.18108,0,60.210146,2.06357,-147.137128
CeYO3/BiYO3,1.196,1.24,0.044,0.380581797,0.031530654,0.044908835,18.11889286,17.74830834,1.92105,2.37167,0.48672,0.09151,0,61.969761,2.05055,-158.640406
DySbO3/ErSbO3,1.083,1.062,0.021,0.401925123,0.031958551,0.068006943,20.8025071,14.18751475,1.69826,2.27889,0.16923,0.0562,0,55.965305,2.13519,-138.002134
DySbO3/HoSbO3,1.083,1.072,0.011,0.397346131,0.022440517,0.5439872,12.16855607,13.72221134,1.4766,2.2066225,0.61818,0.04284,0,52.752087,2.03027,-147.531001
LaDyO3/BiDyO3,1.216,1.24,0.024,0.375121512,0.020310878,0.542890016,12.98677257,13.38626079,2.09294,2.39039,0.07064,0.09846,0,64.032633,2.09511,-146.855093
LaErO3/BiErO3,1.216,1.24,0.024,0.375121512,0.01427182,0.540518948,9.585786792,13.9178909,1.45737,2.19303,0.64048,0.08798,0,52.312019,2.36147,-160.33126
LaErO3/CeErO3,1.216,1.196,0.02,0.380493437,0.019355289,0.546598988,13.49319919,14.91243064,2.05716,2.37941,0.60846,0.10216,0,62.341454,2.10014,-137.595491
LaHoO3/BiHoO3,1.216,1.24,0.024,0.375121512,0.0188586,0.542069675,11.66160469,13.04705674,1.86113,2.30612,0.15673,0.10899,0,58.461675,2.10087,-144.417376
LaInO3/CeInO3,1.216,1.196,0.02,0.380493437,0.017888538,0.542435676,12.35418038,12.71702893,1.2129,1.7098,0.153625,0.04961,0,40.956275,1.83885,-153.871131
LaLuO3/BiLuO3,1.216,1.24,0.024,0.375121512,0.020114048,0.536707458,9.176797036,12.13734977,1.30388,1.92854,0.022,0.05158,0,46.773722,1.95248,-148.175205
LaLuO3/CeLuO3,1.216,1.196,0.02,0.380493437,0.022218131,0.541342625,12.08786721,13.4685947,1.36473,2.03888,0.05869,0.03849,0,50.03697,1.98057,-162.073454
LaLuO3/NdLuO3,1.216,1.163,0.053,0.394775493,0.026470697,0.54861156,13.66991138,14.1327154,1.56366,2.2428,0.11167,0.046665,0,54.677732,2.023125,-142.491697
LaLuO3/PrLuO3,1.216,1.179,0.037,0.387804312,0.024188995,0.547129071,12.50808474,14.23271632,1.42011,2.1267,0.80275,0.03054,0,51.060443,1.87025,-157.737139
LaSbO3/BiSbO3,1.216,1.24,0.024,0.375121512,0.020727239,0.545921892,12.47113075,14.08882135,0.8399,1.4016,1.16537,0.00593,0,32.46285,2.07243,-145.771819
LaSbO3/ErSbO3,1.216,1.062,0.154,0.440915671,0.023969923,0.541324087,11.31112192,13.18453481,1.25097,1.7978,0.65551,0.07588,0,42.26583,2.05444,-161.784554
LaSbO3/EuSbO3,1.216,1.12,0.096,0.413958059,0.019063211,0.544232656,13.92831694,14.95530457,1.2021,1.67844,1.41731,0.0053,0,40.432734,2.10649,-134.294095
LaSbO3/NdSbO3,1.216,1.163,0.053,0.394775493,0.020556156,0.543712703,11.64519807,13.53815782,1.1585,1.5937,0.35108,0.06669,0,38.742854,1.94512,-141.138908
LaSbO3/SmSbO3,1.216,1.132,0.084,0.408537923,0.023603318,0.55034267,14.11114433,14.90286527,1.1995,1.66044,0.43029,0.04243,0,40.268997,1.67411,-150.656341
LaSbO3/TmSbO3,1.216,1.052,0.164,0.445695115,0.02539266,0.548269873,13.48181235,14.96026976,1.25462,1.8444,0.37407,0.07583,0,43.277083,2.27508,-149.957425
LaSbO3/YbSbO3,1.216,1.042,0.174,0.450514521,0.020471475,0.547326423,13.47847951,15.50187279,1.2598,1.8596,0.27114,0.03648,0,43.675421,1.46462,-154.870277
LaScO3/EuScO3,1.216,1.12,0.096,0.413958059,0.023354438,0.546425398,12.9203207,13.67798088,1.1637,1.6085,0.71871,0.02326,0,39.524791,2.18603,-163.450458
LaScO3/GdScO3,1.216,1.107,0.109,0.419889619,0.021259087,0.544900003,12.57524967,13.5081314,1.1759,1.6425,0.25311,0.08925,0,39.893517,2.2616,-148.98173
LaScO3/SmScO3,1.216,1.132,0.084,0.408537923,0.019187055,0.544219666,12.60467899,13.35171004,1.1517,1.5937,0.61115,0.01514,0,38.445081,2.02348,-149.43983
LaScO3/TbScO3,1.216,1.095,0.121,0.42542089,0.023815985,0.539990296,10.96973757,12.53094263,1.2021,1.66479,0.64512,0.07166,0,40.36144,0.30153,-148.71233
LaTlO3/BiTlO3,1.216,1.24,0.024,0.375121512,0.025342501,0.541706375,12.05887467,12.44721112,1.38982,2.103585,0.26845,0.09031,0,50.73983,2.30205,-136.886197
LaTlO3/CeTlO3,1.216,1.196,0.02,0.380493437,0.024080229,0.54383497,12.72922484,13.98438617,1.89668,2.34758,0.87254,0.05997,0,60.948611,1.29212,-149.92954
LaTlO3/PrTlO3,1.216,1.179,0.037,0.387804312,0.043285306,0.064729544,16.05817417,12.35194289,2.08246,2.38811,0.79508,0.0727,0,62.514946,1.54128,-138.593517
LaTmO3/BiTmO3,1.216,1.24,0.024,0.375121512,0.042109246,0.060944878,16.57642584,11.83111403,1.35855,2.01937,0.39593,0.06241,0,49.658949,2.17446,-139.731616
LaTmO3/CeTmO3,1.216,1.196,0.02,0.380493437,0.043797553,0.06637758,15.97725938,12.56033856,1.85218,2.30316,0.72768,0.01246,0,58.071863,2.22151,-139.83917
LaTmO3/PrTmO3,1.216,1.179,0.037,0.387804312,0.044987548,0.071357243,15.3416827,13.28270549,1.90674,2.34911,0.52548,0.03637,0,61.041868,1.57464,-141.977083
LaYbO3/BiYbO3,1.216,1.24,0.024,0.375121512,0.039943523,0.040945732,20.1465597,11.97663893,1.31041,1.93158,0.30896,0.00548,0,47.626684,1.4985,-139.074808
LaYbO3/CeYbO3,1.216,1.196,0.02,0.380493437,0.062072188,0.086550731,14.45488472,16.06797399,1.4125,2.1122,0.26701,0.00387,0,50.870408,1.4905,-134.2124
LaYbO3/NdYbO3,1.216,1.163,0.053,0.394775493,0.076522767,0.066072054,23.07806672,19.91722458,1.88114,2.30912,0.28545,0.07555,0,58.827252,1.2982,-136.3656428
LaYbO3/PrYbO3,1.216,1.179,0.037,0.387804312,0.068695962,0.088684156,23.82545287,22.07609516,1.56389,2.25728,0.15012,0.11766,0,54.985964,1.4262,-114.6497462
LuScO3/BiScO3,1.032,1.24,0.208,0.425356126,0.065510005,0.072737961,22.77807471,21.18015983,1.2162,1.7098,0.3256,0.00025,0,41.425593,1.4611,-115.0192741
NdCeO3/EuCeO3,1.35,1.3,0.05,0.373565847,0.041528823,0.051618986,22.52795127,21.83484934,1.1485,1.5566,0.4571,0.04441,0,37.76594,1.6502,-115.0911651
NdCeO3/PbCeO3,1.35,1.35,0,0.353553391,0.068736774,0.088002474,24.70953917,21.65308271,0.93819,1.4749,0.5653,0.07531,0,35.2758,1.4366,-129.5813007
NdCeO3/SmCeO3,1.35,1.32,0.03,0.365470921,0.054283649,0.567162131,22.39828597,18.60208419,1.117,1.5281,0.63074,0.0956,0,36.8711,1.2764,-133.82239
NdPbO3/EuPbO3,1.35,1.3,0.05,0.373565847,0.048032151,0.562602359,21.54766968,18.27842207,0.561,0.87948,0.54532,0.12084,0,16.31927414,1.2842,-135.993006
NdPbO3/SmPbO3,1.35,1.32,0.03,0.365470921,0.048473991,0.561875414,20.88193376,18.3153547,0.11138,0.62849,0.4424,0.07723,0,6.24253,1.4951,-152.113228
NdPrO3/EuPrO3,1.35,1.3,0.05,0.373565847,0.050404459,0.562387984,20.33173682,18.27540707,0.9504,1.5032,0.4562,0.0839,0,35.5124,1.77348,-160.121415
NdPrO3/PbPrO3,1.35,1.35,0,0.353553391,0.053314361,0.565199713,22.5004675,16.81570695,0.8075,1.3818,0.53848,0.0622,0,31.0533387,2.20868,-161.601814
NdPrO3/SmPrO3,1.35,1.32,0.03,0.365470921,0.049516798,0.56053121,21.70151678,16.7316515,0.8721,1.4432,0.4206,0.0622,0,33.3422,2.47104,-138.813947
NdTeO3/EuTeO3,1.35,1.3,0.05,0.373565847,0.045201065,0.561492351,21.0093358,16.59688032,1.394745,2.10591,0.38843,0.07068,0,50.73983,1.313,-145.473722
NdTeO3/PbTeO3,1.35,1.35,0,0.353553391,0.047665698,0.55641631,19.72236632,15.3991725,1.30476,1.93158,0.5381,2.0955,0,47.155433,1.78631,-154.666114
NdTeO3/SmTeO3,1.35,1.32,0.03,0.365470921,0.046353007,0.558034954,20.59117974,16.47650328,1.35108,1.98694,0.174,0.04154,0,49.262573,2.3472,-150.045767
SmGaO3/DyGaO3,1.132,1.083,0.049,0.406593665,0.03499458,0.553891094,19.26358103,15.36563646,0.6543,1.2591,0.61745,0.0839,0,25.342465,2.0505,-162.885364
SmGaO3/ErGaO3,1.132,1.062,0.07,0.416290062,0.048792504,0.558533642,20.44158341,15.84616566,0.7003,1.3355,0.4655,0.0617,0,26.164875,2.0254,-158.910672
SmGaO3/GdGaO3,1.132,1.107,0.025,0.395715028,0.046154813,0.55811191,20.1811553,15.81765275,0.5788,1.084,0.4714,0.189,0,21.51943514,2.2517,-143.08045
SmGaO3/HoGaO3,1.132,1.072,0.06,0.411651759,0.059444226,0.065045397,25.74896434,17.67292315,0.6697,1.31386,0.36065,0.189,0,25.9503639,2.0254,-149.377594
SmGaO3/TbGaO3,1.132,1.095,0.037,0.401127651,0.052923627,0.564345214,21.98243504,16.54356906,0.6075,1.14291,0.33129,0.09296,0,22.17188,1.9987,-153.764318
SrCeO3/BaCeO3,1.31,1.47,0.16,0.378628099,0.04960397,0.561407198,20.96548115,16.35320673,0.763,1.368,0.80254,0.1,0,28.734828,2.0082,-135.842404
SrCeO3/EuCeO3,1.31,1.3,0.01,0.362892537,0.045119625,0.559779033,20.81062632,16.00581669,1.2021,1.6628,1.66447,0.0622,0,40.35244,7.5484,-149.2526147
SrCeO3/NdCeO3,1.31,1.35,0.04,0.364029047,0.050091377,0.556775549,19.07443943,15.69876367,1.1382,1.5403,1.44552,0.0604,0,37.024007,7.5762,-151.429592
SrCeO3/PbCeO3,1.31,1.35,0.04,0.364029047,0.048132515,0.556389921,19.36615749,15.22350781,1.1382,1.53996,0.29658,0.04472,0,36.973423,7.5692,-156.223412
SrCeO3/SmCeO3,1.31,1.32,0.01,0.360174241,0.046508355,0.558364402,20.63752921,16.23673723,1.1694,1.62855,0.58094,0.04331,0,39.613298,7.4164,-164.721777
SrPbO3/EuPbO3,1.31,1.3,0.01,0.362892537,0.060408082,0.055822345,21.982919,12.60656222,0.611,1.2246,0.48548,0.00914,0,22.58573,7.3873,-137.900128
SrPbO3/NdPbO3,1.31,1.35,0.04,0.364029047,0.069079293,0.057074534,23.04537891,16.52909846,0.556,0.8211,0.44677,0.05658,0,15.94974616,7.5435,-132.02231
SrPbO3/SmPbO3,1.31,1.32,0.01,0.360174241,0.065722432,0.055999687,22.59807509,15.46748954,0.5787,1.0197,0.92704,0.05166,0,19.650144,2.2062,-132.48701
SrPrO3/EuPrO3,1.31,1.3,0.01,0.362892537,0.057614053,0.053262997,20.10941666,14.18735114,1.1396,1.5425,0.25479,0.05494,0,37.66564279,7.5961,-132.7705
SrPrO3/NdPrO3,1.31,1.35,0.04,0.364029047,0.074256485,0.058819562,24.47681605,17.97123924,0.9283,1.4605,0.04243,0.01007,0,34.09897,7.5377,-131.14816
SrPrO3/PbPrO3,1.31,1.35,0.04,0.364029047,0.012212458,0.538429568,5.89851961,14.22077317,0.8857,1.4575,0.03648,0.01651,0,33.98467,7.5762,-140.682383
SrPrO3/SmPrO3,1.31,1.32,0.01,0.360174241,0.014164036,0.535225414,5.012586787,13.93945576,1.03383,1.5153,0.02326,0.00911,0,36.1407,2.14897,-147.662418
SrTbO3/BiTbO3,1.31,1.24,0.07,0.387680166,0.019140687,0.538506125,5.52409409,17.07361997,0.6852,1.3176,0.235705,0.06807,0,25.9503639,1.2865,-149.877288
SrTbO3/EuTbO3,1.31,1.3,0.01,0.362892537,0.018846529,0.53875081,7.109183902,13.85090239,0.5647,0.9358,0.11298,0.071,0,16.5454,1.4536,-158.640079
SrTbO3/SmTbO3,1.31,1.32,0.01,0.360174241,0.015790418,0.539133028,6.993505914,15.42314895,0.5239,0.7138,0.21545,0.0487,0,10.76462581,1.4828,-136.326282
SrTeO3/BaTeO3,1.31,1.47,0.16,0.378628099,0.015439491,0.539929638,8.552683868,13.76615694,1.2236,1.7098,0.24832,0.0479,0,41.844749,1.5945,-142.375421
SrTeO3/EuTeO3,1.31,1.3,0.01,0.362892537,0.015239438,0.540440788,10.74831739,13.0206319,1.88479,2.30966,0.081665,0.0567,0,58.839129,1.2878,-153.158118
SrTeO3/NdTeO3,1.31,1.35,0.04,0.364029047,0.013055483,0.533550846,6.365437415,12.56073745,1.3724,2.0602,0.211725,0.1688,0,50.5526147,1.2341,-145.676002
SrTeO3/PbTeO3,1.31,1.35,0.04,0.364029047,0.012056797,0.532059238,6.186139602,12.3367967,1.36938,2.05641,0.263035,0.0597,0,50.28173,1.1202,-151.203142
SrTeO3/SmTeO3,1.31,1.32,0.01,0.360174241,0.019895987,0.548881785,12.03075494,15.86568743,1.4982,2.23362,0.181845,0.0655,0,54.251869,1.2415,-159.91859
YbGaO3/LuGaO3,1.042,1.032,0.01,0.403721756,0.017461339,0.538529153,9.817911587,13.63969299,1.01479,1.505,0.03637,0.1688,0,35.52937,2.2283,-146.133671
YbSbO3/BiSbO3,1.042,1.24,0.198,0.422625984,0.013691436,0.538051945,9.029973913,14.0685299,1.2367925,1.78493,0.24495,0.1688,0,41.876474,1.48477,-151.524938
YGaO3/DyGaO3,1.075,1.083,0.008,0.394677768,0.015767878,0.542109704,10.66742413,14.39909381,0.7981,1.37184,0.21865,0.0782,0,29.88857205,1.37889,-160.820908
YGaO3/EuGaO3,1.075,1.12,0.045,0.399357878,0.029391023,0.054476319,10.68673813,13.3760332,0.6969,1.3228,0.22245,0.0582,0,25.964124,1.27929,-132.975012
YGaO3/GdGaO3,1.075,1.107,0.032,0.397729577,0.012870949,0.538205723,8.08794682,13.33666747,0.7569,1.3384,0.2748,0.0479,0,27.33162,2.12156,-140.105063
YGaO3/LuGaO3,1.075,1.032,0.043,0.413517946,0.014421983,0.53932944,9.339758589,12.80330682,0.8739,1.4453,0.22345,0.0479,0,33.622494,1.43776,-149.57243
YGaO3/SmGaO3,1.075,1.132,0.057,0.400845786,0.011352194,0.538680955,8.651748346,12.98656636,0.6552,1.3072,0.00548,0.26505,0,25.39207865,1.15692,-147.93029
YGaO3/TbGaO3,1.075,1.095,0.02,0.396211162,0.013657242,0.531994569,6.10707654,11.95850834,0.7571,1.36,0.08199,0.0187,0,27.484813,2.08071,-153.205256
YGaO3/YbGaO3,1.075,1.042,0.033,0.40883306,0.014988245,0.533483915,6.886133461,12.16752281,0.8303,1.40131,0.00025,0.097,0,32.0081,1.53224,-161.214946
YSbO3/BiSbO3,1.075,1.24,0.165,0.413616515,0.013835129,0.536418266,7.655714712,13.81612297,1.2158,1.7098,0.18981,0.0729,0,41.031616,2.43151,-158.388929
YSbO3/DySbO3,1.075,1.083,0.008,0.394677768,0.009897398,0.536460696,7.781208342,13.03941527,1.4567,2.17407,0.17845,0.1663,0,51.666057,1.8114,-138.313298
YSbO3/ErSbO3,1.075,1.062,0.013,0.399579827,0.047521575,0.009631247,13.48782924,13.5202098,1.7491,2.29587,0.0956,0.0845,0,57.519431,2.32658,-140.125593
YSbO3/EuSbO3,1.075,1.12,0.045,0.399357878,0.05907513,0.052504965,19.83293368,13.10361585,1.32483,1.95386,0.17295,0.0722,0,47.994079,2.40375,-138.932353
YSbO3/GdSbO3,1.075,1.107,0.032,0.397729577,0.068933932,0.060185829,23.51353466,13.68766495,1.352,1.99853,0.19905,0.0475,0,49.475851,1.065855,-140.96583
YSbO3/HoSbO3,1.075,1.072,0.003,0.395010518,0.038811641,0.060218887,14.61040589,11.19436448,1.50649,2.2371,0.16865,0.0651,0,54.505256,1.218265,-139.132734
YSbO3/TbSbO3,1.075,1.095,0.02,0.396211162,0.029291795,0.065509334,12.64878906,9.806546435,1.3798,2.0846,0.1754,0.25589,0,50.683296,0.00105,-139.166269
YSbO3/TmSbO3,1.075,1.052,0.023,0.404187182,0.027139764,0.060181918,12.47668311,9.291748432,1.89379,2.33626,0.2058,0.0341,0,60.699286,0.88947,-142.63538
YSbO3/YbSbO3,1.075,1.042,0.033,0.40883306,0.04937227,0.077892713,10.2432348,15.25875506,1.90756,2.36672,2.0955,0.04275,0,61.085194,0.76918,-139.104507
YScO3/BiScO3,1.075,1.24,0.165,0.413616515,0.030398072,0.067614993,12.81266487,9.938992673,1.192,1.6555,0.21215,0.02987,0,40.232353,0.653245,-120.87188
YScO3/DyScO3,1.075,1.083,0.008,0.394677768,0.023141312,0.052027881,11.89451014,8.393664412,1.32548,1.96982,0.0617,0.1044,0,48.066877,0.74377,-139.126709
YScO3/ErScO3,1.075,1.062,0.013,0.399579827,0.024589815,0.054020592,27.87440771,10.76568212,1.3795,2.062,0.27535,0.0457,0,50.679287,0.660395,-121.27
YScO3/HoScO3,1.075,1.072,0.003,0.395010518,0.028190557,0.063060998,12.55129192,9.702861827,1.35343,2.0039,0.04472,0.03009,0,49.64078,0.4113,-135.8506246
YScO3/LaScO3,1.075,1.216,0.141,0.410871477,0.032770753,0.071655084,12.92232254,10.39840101,1.2021,1.70766,0.16841,0.09723,0,40.466269,0.4166,-139.268535
YScO3/LuScO3,1.075,1.032,0.043,0.413517946,0.04738232,0.076053629,10.25144945,14.46828348,1.7362,2.28117,0.00911,0.05339,0,56.558375,0.4166,-140.1315122
YScO3/TbScO3,1.075,1.095,0.02,0.396211162,0.079240832,0.061048322,24.20720917,17.53136465,1.31453,1.94784,0.17314,0.23645,0,47.720026,0.66916,-140.578768
YScO3/TmScO3,1.075,1.052,0.023,0.404187182,0.0759077,0.065674276,22.47567339,19.41849571,1.44388,2.1495,0.186845,0.02056,0,51.25446,2.45875,-138.935591